{
  "stage": "S3",
  "passed": true,
  "convergence_score": 0.865,
  "convergence_threshold": 0.85,
  "convergence_pass": true,
  "jaccard": 0.2422,
  "jaccard_threshold": 0.85,
  "jaccard_pass": false,
  "type_01_ratio": 0.7895,
  "type_01_threshold": 0.75,
  "type_pass": true,
  "cosine": 0.865,
  "jsd": 0.2287,
  "kappa": 0.9633,
  "type_distribution": {
    "0": 0.47368421052631576,
    "1": 0.3157894736842105,
    "2": 0.10526315789473684,
    "3": 0.10526315789473684
  }
}