{
  "stage": "S3",
  "passed": true,
  "convergence_score": 0.9303,
  "convergence_threshold": 0.85,
  "convergence_pass": true,
  "jaccard": 0.5443,
  "jaccard_threshold": 0.85,
  "jaccard_pass": false,
  "type_01_ratio": 0.7619,
  "type_01_threshold": 0.75,
  "type_pass": true,
  "cosine": 0.9303,
  "jsd": 0.1759,
  "kappa": 0.968,
  "type_distribution": {
    "0": 0.6190476190476191,
    "1": 0.14285714285714285,
    "2": 0.09523809523809523,
    "3": 0.14285714285714285
  }
}