{
  "stage": "S3",
  "passed": true,
  "convergence_score": 0.9024,
  "convergence_threshold": 0.85,
  "convergence_pass": true,
  "jaccard": 0.479,
  "jaccard_threshold": 0.85,
  "jaccard_pass": false,
  "type_01_ratio": 0.8182,
  "type_01_threshold": 0.75,
  "type_pass": true,
  "cosine": 0.9024,
  "jsd": 0.156,
  "kappa": 0.9526,
  "type_distribution": {
    "0": 0.5454545454545454,
    "1": 0.2727272727272727,
    "2": 0.0,
    "3": 0.18181818181818182
  }
}